{
	"places": [
		{
			"id": 1,
			"name": "Biba's",
			"city": "Caldonazzo",
			"address": "Via Lungo Lago, 50, 38050 Calceranica al lago TN",
			"lat": "46.001656",
			"lng": "11.253052",
			"typology": ["Aperitivi", "Gelato"],
			"phone": "",
			"notes": ""
		},
		{
			"id": 2,
			"name": "Lovat",
			"city": "Cortina D'Ampezzo",
			"address": "Corso Italia, 65, 32043 Cortina d'Ampezzo BL",
			"lat": "46.536902",
			"lng": "12.137546",
			"typology": ["Aperitivi", "Pasticcieria"],
			"phone": "",
			"notes": ""
		},
		{
			"id": 3,
			"name": "Gulliver Pub",
			"city": "Pergine",
			"address": "Viale Europa, 1, 38057 San Cristoforo TN",
			"lat": "46.039528",
			"lng": "11.234865",
			"typology": ["Birra"],
			"phone": "",
			"notes": "Guinness"
		},
		{
			"id": 4,
			"name": "Perbacco",
			"city": "Rovereto",
			"address": "Via Roma, 18, 38068 Rovereto TN",
			"lat": "45.889633",
			"lng": "11.043472",
			"typology": ["Birra"],
			"phone": "",
			"notes": "Guinness"
		},
		{
			"id": 5,
			"name": "La Crypta",
			"city": "Rovereto",
			"address": "Via Portici, 16, 38068 Rovereto TN",
			"lat": "45.887546",
			"lng": "11.044975",
			"typology": ["Cocktails", "Vino"],
			"phone": "",
			"notes": ""
		},
		{
			"id": 6,
			"name": "Tetley's",
			"city": "Trento",
			"address": "Via degli Orti, 1, 38122 Trento TN",
			"lat": "46.065742",
			"lng": "11.121244",
			"typology": ["Birra"],
			"phone": "338-3612632",
			"notes": "Guinness"
		},
		{
			"id": 7,
			"name": "Randré",
			"city": "Trento",
			"address": "Largo Giosué Carducci, 18, 38122 Trento TN",
			"lat": "46.068313",
			"lng": "11.12436",
			"typology": ["Aperitivi"],
			"phone": "",
			"notes": "Fino alle 23"
		},
		{
			"id": 8,
			"name": "Milli Eat&Drink",
			"city": "Trento",
			"address": "Via del Suffragio, 2, 38121 Trento TN",
			"lat": "46.071873",
			"lng": "11.124915",
			"typology": ["Aperitivi", "Gelato"],
			"phone": "388-3440317",
			"notes": ""
		},
		{
			"id": 9,
			"name": "Le Palze",
			"city": "Val di Non",
			"address": "Località Le Plaze, 38012 Predaia TN",
			"lat": "46.354211",
			"lng": "11.062135",
			"typology": ["Aperitivi"],
			"phone": "",
			"notes": "Sul lago"
		},
		{
			"id": 10,
			"name": "Rethia",
			"city": "Vezzano",
			"address": "Via ai Fossadi, 21, 38096 Vallelaghi TN",
			"lat": "46.076792",
			"lng": "10.995491",
			"typology": ["Birra"],
			"phone": "",
			"notes": "Artigianali"
		},
		{
			"id": 11,
			"name": "Urban Coffee Lab",
			"city": "Trento",
			"address": "Via Camillo Cavour, 35, 38122 Trento TN",
			"lat": "46.0680305",
			"lng": "11.1207027",
			"typology": ["Caffetteria", "Aperitivi", "Bubble Tea"],
			"phone": "",
			"notes": "Pelo costoso"
		},
		{
			"id": 12,
			"name": "Urban Coffee Lab",
			"city": "Trento",
			"address": "Viale Adriano Olivetti, 26, 38122 Trento TN",
			"lat": "46.0615125",
			"lng": "11.1150921",
			"typology": ["Caffetteria", "Aperitivi", "Bubble Tea"],
			"phone": "",
			"notes": "Pelo costoso"
		},
		{
			"id": "13",
			"name": "Starbucks",
			"city": "Verona",
			"address": "Galleria Pellicciai, 2, 37121 Verona VR, Italia",
			"lat": "45.4420157",
			"lng": "10.9953905",
			"typology": ["Caffetteria"],
			"phone": "",
			"notes": ""
		},
		{
			"id": "14",
			"name": "Starbucks",
			"city": "Innsbruck",
			"address": "Herzog-Friedrich-Straße 24, 6020 Innsbruck",
			"lat": "47.2678121",
			"lng": "11.3932701",
			"typology": ["Caffetteria"],
			"phone": "",
			"notes": ""
		},
		{
			"id": "15",
			"name": "Dunkin' Donuts",
			"city": "Innsbruck",
			"address": "Maria-Theresien-Straße 38, 6020 Innsbruck, Austria",
			"lat": "47.2645069",
			"lng": "11.3946436",
			"typology": ["Caffetteria"],
			"phone": "",
			"notes": ""
		},
		{
			"id": "16",
			"name": "Mr. Box Tea",
			"city": "Innsbruck",
			"address": "Innrain 19, 6020 Innsbruck, Austria",
			"lat": "47.2662878",
			"lng": "11.3902165",
			"typology": ["Bubble Tea"],
			"phone": "",
			"notes": ""
		},
		{
			"id": "17",
			"name": "Bici Grill",
			"city": "Trento",
			"address": "Via Lidorno, 2, 38122 Trento TN",
			"lat": "46.0330434",
			"lng": "11.1249111",
			"typology": ["Caffetteria", "Aperitivi"],
			"phone": "",
			"notes": "",
			"price": ""
		},
		{
			"id": "18",
			"name": "NemBeer Pub",
			"city": "Nembro",
			"address": "Via Case Sparse Europa, 15, 24027 Nembro BG",
			"lat": "45.7521670",
			"lng": "9.7816273",
			"typology": ["Birra", "Cocktails"],
			"phone": "",
			"notes": "Pub",
			"price": "€"
		},
		{
			"id": "19",
			"name": "Gelateria Artigianale di Nembro",
			"city": "Nembro",
			"address": "Via Roma, 22, 24027 Nembro BG",
			"lat": "45.7425084",
			"lng": "9.7576756",
			"typology": ["Gelato"],
			"phone": "",
			"notes": "",
			"price": "€",
			"menu": ""
		},
		{
			"id": "20",
			"name": "Pasticceria Cara Siria",
			"city": "Trento",
			"address": "Via Torre d'Augusto, 21, 38122 Trento TN",
			"lat": "46.0731872",
			"lng": "11.1259526",
			"typology": ["Pasticceria"],
			"phone": "389-1008586",
			"notes": "Pasticceria Siriana",
			"price": "€",
			"menu": "http://www.carasiria.it/"
		},
		{
			"id": "21",
			"name": "Bar Duomo Bistrot",
			"city": "Trento",
			"address": "Via Giuseppe Verdi, 40, 38122 Trento TN",
			"lat": "46.0667626",
			"lng": "11.1209536",
			"typology": ["Aperitivi"],
			"phone": "376-1286207",
			"notes": "",
			"price": "€€",
			"menu": "https://barduomobistrot.qromo.it/"
		},
		{
			"id": "22",
			"name": "Il Monello",
			"city": "Trento",
			"address": "Via Giuseppe Mazzini, 11, 38122 Trento TN",
			"lat": "46.0661016",
			"lng": "11.1228447",
			"typology": ["⭐️", "Aperitivi", "Cocktails"],
			"phone": "346-5869057",
			"notes": "",
			"price": "€€",
			"menu": ""
		},
		{
			"id": "23",
			"name": "dasQ",
			"city": "Trento",
			"address": "Via Vittorio Veneto, 79, 38122 Trento TN",
			"lat": "46.0597116",
			"lng": "11.1256286",
			"typology": ["⭐️", "Aperitivi", "Cocktails"],
			"phone": "0461-1431219",
			"notes": "Cocktails molto buoni",
			"price": "€€",
			"menu": ""
		},
		{
			"id": "24",
			"name": "Apuleio Riverside",
			"city": "Trento",
			"address": "Lungadige Marco Apuleio, 58, 38122 Trento TN",
			"lat": "46.0720501",
			"lng": "11.1151489",
			"typology": ["Aperitivi", "Pasticcieria", "Gelato"],
			"phone": "",
			"notes": "",
			"price": "€",
			"menu": ""
		}
	]
}
